<?xml version="1.0" encoding="UTF-8"?>
<project-private xmlns="http://www.netbeans.org/ns/project-private/1">
    <editor-bookmarks xmlns="http://www.netbeans.org/ns/editor-bookmarks/2" lastBookmarkId="0"/>
    <open-files xmlns="http://www.netbeans.org/ns/projectui-open-files/2">
        <group>
            <file>file:/D:/CODING/5th_sem/FJP_lab/32358_Om/JAVA%20PROJECT/Electricty%20Billing%20System/src/electricity/billing/system/CalculateBill.java</file>
            <file>file:/D:/CODING/5th_sem/FJP_lab/32358_Om/JAVA%20PROJECT/Electricty%20Billing%20System/src/electricity/billing/system/PayBill.java</file>
            <file>file:/D:/CODING/5th_sem/FJP_lab/32358_Om/JAVA%20PROJECT/Electricty%20Billing%20System/src/electricity/billing/system/Paytm.java</file>
            <file>file:/D:/CODING/5th_sem/FJP_lab/32358_Om/JAVA%20PROJECT/Electricty%20Billing%20System/src/electricity/billing/system/Splash.java</file>
            <file>file:/D:/CODING/5th_sem/FJP_lab/32358_Om/JAVA%20PROJECT/Electricty%20Billing%20System/src/electricity/billing/system/DepositDetails.java</file>
            <file>file:/D:/CODING/5th_sem/FJP_lab/32358_Om/JAVA%20PROJECT/Electricty%20Billing%20System/src/electricity/billing/system/UpdateInformation.java</file>
            <file>file:/D:/CODING/5th_sem/FJP_lab/32358_Om/JAVA%20PROJECT/Electricty%20Billing%20System/src/electricity/billing/system/BillDetails.java</file>
            <file>file:/D:/CODING/5th_sem/FJP_lab/32358_Om/JAVA%20PROJECT/Electricty%20Billing%20System/src/electricity/billing/system/CustomerDetails.java</file>
            <file>file:/D:/CODING/5th_sem/FJP_lab/32358_Om/JAVA%20PROJECT/Electricty%20Billing%20System/src/electricity/billing/system/GenerateBill.java</file>
            <file>file:/D:/CODING/5th_sem/FJP_lab/32358_Om/JAVA%20PROJECT/Electricty%20Billing%20System/src/electricity/billing/system/Login.java</file>
            <file>file:/D:/CODING/5th_sem/FJP_lab/32358_Om/JAVA%20PROJECT/Electricty%20Billing%20System/src/electricity/billing/system/MeterInfo.java</file>
            <file>file:/D:/CODING/5th_sem/FJP_lab/32358_Om/JAVA%20PROJECT/Electricty%20Billing%20System/src/electricity/billing/system/Project.java</file>
            <file>file:/D:/CODING/5th_sem/FJP_lab/32358_Om/JAVA%20PROJECT/Electricty%20Billing%20System/src/electricity/billing/system/Conn.java</file>
            <file>file:/D:/CODING/5th_sem/FJP_lab/32358_Om/JAVA%20PROJECT/Electricty%20Billing%20System/src/electricity/billing/system/ViewInformation.java</file>
            <file>file:/D:/CODING/5th_sem/FJP_lab/32358_Om/JAVA%20PROJECT/Electricty%20Billing%20System/src/electricity/billing/system/Signup.java</file>
        </group>
    </open-files>
</project-private>
